{"name":"4df0d18a-3c6a-411e-9dbc-e17fb6c5b58e","id":"/providers/Microsoft.Flow/flows/4df0d18a-3c6a-411e-9dbc-e17fb6c5b58e","type":"Microsoft.Flow/flows","properties":{"apiId":"/providers/Microsoft.PowerApps/apis/shared_logicflows","displayName":"GenerateRandomList","definition":{"metadata":{"workflowEntityId":null,"flowclientsuspensionreason":"None","flowclientsuspensiontime":null,"creator":{"id":"07e8667a-a5fd-42c3-82e0-d0de87dc98d1","type":"User","tenantId":"11240e0e-74b8-4190-a1f6-2cc0b305f549"},"provisioningMethod":"FromDefinition","failureAlertSubscription":true,"clientLastModifiedTime":"2020-08-02T23:36:24.3819064Z"},"$schema":"https://schema.management.azure.com/providers/Microsoft.Logic/schemas/2016-06-01/workflowdefinition.json#","contentVersion":"1.0.0.0","parameters":{"$authentication":{"defaultValue":{},"type":"SecureObject"}},"triggers":{"manual":{"type":"Request","kind":"PowerApp","inputs":{"schema":{"type":"object","properties":{},"required":[]}}}},"actions":{"HTTP":{"runAfter":{},"type":"Http","inputs":{"method":"GET","uri":"https://randomuser.me/api/?results=10&nat=au&noinfo","headers":{"dataType":"json"}}},"Response":{"runAfter":{"HTTP":["Succeeded"]},"type":"Response","kind":"Http","inputs":{"statusCode":200,"body":"@body('HTTP')","schema":{"type":"object","properties":{"results":{"type":"array","items":{"type":"object","properties":{"gender":{"type":"string"},"name":{"type":"object","properties":{"title":{"type":"string"},"first":{"type":"string"},"last":{"type":"string"}}},"location":{"type":"object","properties":{"street":{"type":"object","properties":{"number":{"type":"integer"},"name":{"type":"string"}}},"city":{"type":"string"},"state":{"type":"string"},"country":{"type":"string"},"postcode":{"type":"integer"},"coordinates":{"type":"object","properties":{"latitude":{"type":"string"},"longitude":{"type":"string"}}},"timezone":{"type":"object","properties":{"offset":{"type":"string"},"description":{"type":"string"}}}}},"email":{"type":"string"},"login":{"type":"object","properties":{"uuid":{"type":"string"},"username":{"type":"string"},"password":{"type":"string"},"salt":{"type":"string"},"md5":{"type":"string"},"sha1":{"type":"string"},"sha256":{"type":"string"}}},"dob":{"type":"object","properties":{"date":{"type":"string"},"age":{"type":"integer"}}},"registered":{"type":"object","properties":{"date":{"type":"string"},"age":{"type":"integer"}}},"phone":{"type":"string"},"cell":{"type":"string"},"id":{"type":"object","properties":{"name":{"type":"string"},"value":{"type":"string"}}},"picture":{"type":"object","properties":{"large":{"type":"string"},"medium":{"type":"string"},"thumbnail":{"type":"string"}}},"nat":{"type":"string"}},"required":["gender","name","location","email","login","dob","registered","phone","cell","id","picture","nat"]}}}}}}}},"connectionReferences":{},"flowFailureAlertSubscribed":false}}