{"schemaVersion":"1.0","appDefinitionTemplate":{"id":"/providers/Microsoft.PowerApps/apps/","type":"Microsoft.PowerApps/apps","tags":{"primaryDeviceWidth":"1366","primaryDeviceHeight":"768","sienaVersion":"49801f09-42a6-4e95-8ec3-5676a4b3aefa","deviceCapabilities":"","supportsPortrait":"false","supportsLandscape":"true","primaryFormFactor":"Tablet","publisherVersion":"3.20074.20","minimumRequiredApiVersion":"2.2.0","hasComponent":"false","hasUnlockedComponent":"false","isUnifiedRootApp":"false"},"properties":{"appVersion":"2020-08-10T23:15:30Z","lifeCycleId":"Published","createdByClientVersion":{"major":3,"minor":20074,"build":20,"revision":0,"majorRevision":0,"minorRevision":0},"minClientVersion":{"major":3,"minor":20074,"build":20,"revision":0,"majorRevision":0,"minorRevision":0},"backgroundColor":"rgba(253, 193, 2, 1)","backgroundImageUri":"/11948428251234050990/Nd9aef54c-f14c-4257-a35f-ce35222d4eaa-logoSmallFile","displayName":"Accessibility Demo","description":"","commitMessage":"","appUris":{"documentUri":{"value":"/11948428251234050990/N8b3bbe6f-d51a-4d87-9be2-6b8933ed5983-document.msapp","readonlyValue":"/11948428251234050990/N8b3bbe6f-d51a-4d87-9be2-6b8933ed5983-document.msapp"},"imageUris":[]},"createdTime":"0001-01-01T00:00:00Z","lastModifiedTime":"0001-01-01T00:00:00Z","sharedGroupsCount":0,"sharedUsersCount":0,"icons":{"smallIconUri":"/11948428251234050990/N8d92bcf4-352b-4353-847b-c1ff12df32e2-small.png","mediumIconUri":"/11948428251234050990/N29bc7b2a-2d42-4a9b-94a0-4a680b4cd93a-medium.png","largeIconUri":"/11948428251234050990/Nd8f933e4-8acd-4247-9748-7df0e049c7e7-large.png","wideIconUri":"/11948428251234050990/Nc76a9ee1-c278-4a33-8126-d6908eebfe3f-wide.png"},"connectionReferences":{"e6975bd7-c7ac-427d-8fb5-d0cf1866b62b":{"id":"dbfdbc3d-a897-47ab-8ff4-4fb38e3f76b7","displayName":"Logic flows","iconUri":"https://resourcestackdeploy.blob.core.windows.net/scripts/13276078.png","dataSources":["GenerateRandomList"],"dependencies":[],"dependents":[],"parameterHints":{"workflowName":{"value":"f9d8809e-05fe-4258-8f77-c808728f4fc2"}},"isOnPremiseConnection":false,"dataSets":{},"apiTier":"Standard","isCustomApiConnection":false}},"databaseReferences":{},"almMode":"Environment","performanceOptimizationEnabled":true,"canConsumeAppPass":true},"isAppComponentLibrary":false,"appType":"ClassicCanvasApp","appComponents":[]}}